https://www.youtube.com/watch?v=4FVfBJ7V4jM;Jaden - Still In Love - YouTube
https://www.youtube.com/watch?v=kSWC2yXk_kI\u0026list=OLAK5uy_kYhOmh9km4HMA2bk9B74G9rPk1ccWuLug;Circa 2013 (Official Visualizer) - YouTube
https://www.youtube.com/watch?v=s1imAY4xr1o\u0026list=OLAK5uy_mCPfn134dJ0f5ChPgFvJvyQggubKZ441U;Jaden - P (Official Audio) - YouTube
https://www.youtube.com/watch?v=U7lCIcLGkL8\u0026list=OLAK5uy_kW1Kypsyz2QiKo9A46KoR7rsPnOGXatwA;B - YouTube
https://www.youtube.com/watch?v=7i1w4N29C9I\u0026list=OLAK5uy_n_YXyhuYZGuzTDe_R04zT1P45iKy0q67o;Jaden - SOHO - YouTube
https://www.youtube.com/watch?v=SREs5M5kmlw\u0026list=OLAK5uy_kkxe6yyTG3Ds_l4YtARMq-OtRWMmePk48;Jaden Smith - Fire - YouTube
https://www.youtube.com/watch?v=a3ZNmdkvOsE\u0026list=OLAK5uy_knGGJTGHx5SNMfe_Ert7XppD_I4t0Ejrc;Jaden - B - Electric - YouTube
https://www.youtube.com/watch?v=iYWtcKuUjKA\u0026list=OLAK5uy_mSjOxxqHNs5p8l84hhM5VWZFNlpywwQJc;Jaden - Summer - YouTube
https://www.youtube.com/watch?v=NErfuGK_X-0\u0026list=OLAK5uy_lIH9-jvxlEyFN96bRu4GAwJcM8TGLLsys;Jaden - The Official ALMOST BYE Music Video - YouTube
https://www.youtube.com/watch?v=RY6CJA4MOUY\u0026list=OLAK5uy_lGKoYgnfJSGlr07OZ3DNOJE8zDbuxuP6Y;Jaden - Rainbow Bap (Official Visualizer) - YouTube
https://www.youtube.com/watch?v=rXQWaYFsyHs\u0026list=OLAK5uy_kO3O5ZmfpYEIO6BL6hD_AErN4MUWrwRcY;Jaden - Cabin Fever (Official Visualizer) - YouTube
https://www.youtube.com/watch?v=OJecc3dxSTc\u0026list=OLAK5uy_mQZnzmmi65f1zyMYr8VMIsciFvuhmD2UI;Pass - YouTube
